device_id,UTC_datetime,UTC_date,UTC_time,datatype,satcount,U_bat_mV,bat_soc_pct,solar_I_mA,hdop,Latitude,Longitude,Altitude_m,speed_km_h,direction_deg,temperature_C,mag_x,mag_y,mag_z,acc_x,acc_y,acc_z,
193836,2026-03-06 08:01:44,2026-03-06,08:01:44,GPS,10,4091,90,0,1.0,39.238166999999997,-1.526700000000000,716,0,155,30,-395,-315,222,-18,-751,661,
193836,2026-03-06 08:16:17,2026-03-06,08:16:17,GPS,10,4089,90,0,0.9,39.238177999999998,-1.526712000000000,674,0,167,30,-339,-485,248,29,-882,442,
193836,2026-03-06 08:31:17,2026-03-06,08:31:17,GPS,8,4089,90,0,1.0,39.238284999999998,-1.526737000000000,672,0,223,31,-318,-532,201,27,-871,456,
193836,2026-03-06 08:46:43,2026-03-06,08:46:43,GPS,8,4089,90,0,1.2,39.238312000000001,-1.526600000000000,688,0,160,32,-329,-534,250,32,-905,362,
193836,2026-03-06 09:01:19,2026-03-06,09:01:19,GPS,8,4086,89,0,1.3,39.238194000000000,-1.526673000000000,687,0,162,31,-327,-526,260,19,-921,334,
193836,2026-03-06 09:16:18,2026-03-06,09:16:18,GPS,8,4086,89,0,1.0,39.238200999999997,-1.526702000000000,699,1,11,31,-333,-532,286,36,-930,303,
193836,2026-03-06 09:31:25,2026-03-06,09:31:25,GPS,6,4086,89,0,1.0,39.238337999999999,-1.526703000000000,680,1,5,31,-335,-533,274,35,-929,308,
193836,2026-03-06 09:46:25,2026-03-06,09:46:25,GPS,6,4086,89,0,1.0,39.238308000000004,-1.526918000000000,642,1,18,29,157,-458,-105,-35,-455,909,
193836,2026-03-06 10:01:33,2026-03-06,10:01:33,GPS,6,4086,89,0,1.0,39.239364999999999,-1.526883000000000,652,0,16,28,296,-403,-109,-79,-289,957,
193836,2026-03-06 10:16:25,2026-03-06,10:16:25,GPS,6,4086,89,1,1.2,39.242297999999998,-1.527510000000000,676,30,343,29,388,-401,-72,-96,-36,315,
193836,2026-03-06 10:31:25,2026-03-06,10:31:25,GPS,7,4094,91,2,1.0,39.226371999999998,-1.523693000000000,738,22,317,22,327,-386,-128,-12,-40,1170,
193836,2026-03-06 10:46:40,2026-03-06,10:46:40,GPS,7,4097,91,1,1.1,39.227943000000003,-1.552535000000000,702,26,76,23,1,-225,-179,-38,-25,1168,
193836,2026-03-06 11:01:37,2026-03-06,11:01:37,GPS,6,4103,92,3,1.9,39.255980999999998,-1.566208000000000,702,36,303,23,204,-476,-118,-137,-16,1165,
193836,2026-03-06 11:16:29,2026-03-06,11:16:29,GPS,6,4100,92,0,1.7,39.264885000000000,-1.572385000000000,633,2,17,27,-359,-140,283,-42,-713,692,
193836,2026-03-06 11:31:26,2026-03-06,11:31:26,GPS,6,4094,91,0,1.5,39.264964999999997,-1.572415000000000,702,0,91,30,494,-447,-9,283,34,1001,
193836,2026-03-06 11:46:35,2026-03-06,11:46:35,GPS,6,4094,91,0,1.4,39.264977000000002,-1.571922000000000,747,1,265,31,456,-313,-56,-211,-84,901,
193836,2026-03-06 12:01:24,2026-03-06,12:01:24,GPS,8,4094,91,0,0.9,39.270744000000001,-1.559283000000000,836,29,59,24,146,-13,-118,-173,-131,472,
193836,2026-03-06 12:16:19,2026-03-06,12:16:19,GPS,8,4094,91,0,0.9,39.266392000000003,-1.573012000000000,665,0,335,23,204,-154,-173,-31,-427,914,
193836,2026-03-06 12:31:25,2026-03-06,12:31:25,GPS,6,4094,91,0,1.1,39.265064000000002,-1.572508000000000,675,0,344,27,-2,9,-46,-152,-751,699,
193836,2026-03-06 12:46:27,2026-03-06,12:46:27,GPS,8,4091,90,0,0.9,39.264904000000001,-1.572590000000000,665,0,170,28,-21,-417,-93,-88,-731,663,
193836,2026-03-06 13:01:28,2026-03-06,13:01:28,GPS,7,4091,90,0,0.9,39.264961000000000,-1.572638000000000,667,0,132,28,157,-20,-84,278,-122,942,
193836,2026-03-06 13:16:36,2026-03-06,13:16:36,GPS,7,4097,91,0,1.0,39.265025999999999,-1.572727000000000,627,0,96,27,197,33,-74,-77,-407,970,
193836,2026-03-06 13:31:22,2026-03-06,13:31:22,GPS,7,4094,91,2,1.0,39.263480999999999,-1.573873000000000,636,29,119,28,-96,6,-2,-104,-411,1736,
193836,2026-03-06 13:46:33,2026-03-06,13:46:33,GPS,8,4097,91,0,0.9,39.265442000000000,-1.572542000000000,575,14,22,27,-127,-29,-8,-67,-252,332,
193836,2026-03-06 14:01:24,2026-03-06,14:01:24,GPS,6,4094,91,0,1.3,39.265137000000003,-1.572557000000000,655,0,15,27,-136,-493,17,-57,-519,867,
193836,2026-03-06 14:16:41,2026-03-06,14:16:41,GPS,7,4097,91,2,1.1,39.265503000000002,-1.572450000000000,620,19,355,25,438,-166,-58,-44,-34,1060,
193836,2026-03-06 14:31:43,2026-03-06,14:31:43,GPS,8,4103,92,2,1.1,39.262526999999999,-1.574355000000000,693,33,340,25,347,-146,-106,27,106,448,
193836,2026-03-06 14:46:44,2026-03-06,14:46:44,GPS,10,4108,93,1,1.3,39.259117000000003,-1.571642000000000,644,14,202,25,-184,-7,0,-60,-92,1403,
193836,2026-03-06 15:01:35,2026-03-06,15:01:35,GPS,11,4103,92,0,1.0,39.268124000000000,-1.565083000000000,760,31,85,23,183,86,-48,-31,-29,1027,
193836,2026-03-06 15:16:22,2026-03-06,15:16:22,GPS,7,4103,92,0,1.3,39.274020999999998,-1.535345000000000,811,0,300,22,192,-324,-169,117,-446,907,
193836,2026-03-06 15:31:23,2026-03-06,15:31:23,GPS,8,4100,92,0,1.0,39.266342000000002,-1.561497000000000,742,47,242,22,-126,-429,-77,39,67,925,
193836,2026-03-06 15:46:20,2026-03-06,15:46:20,GPS,8,4100,92,0,1.0,39.266044999999998,-1.572798000000000,653,1,316,24,-320,18,234,81,-873,441,
193836,2026-03-06 16:01:20,2026-03-06,16:01:20,GPS,7,4097,91,0,1.1,39.267330000000001,-1.570887000000000,695,0,28,26,-243,-342,16,-20,-254,999,
193836,2026-03-06 16:16:17,2026-03-06,16:16:17,GPS,7,4097,91,0,1.2,39.266533000000003,-1.572613000000000,686,1,285,24,-109,-174,-112,67,-869,447,
193836,2026-03-06 16:31:20,2026-03-06,16:31:20,GPS,6,4097,91,0,1.3,39.266792000000002,-1.572783000000000,678,0,294,24,10,-151,-156,37,-721,680,
193836,2026-03-06 16:37:18,2026-03-06,16:37:18,GPS,6,4097,91,0,1.4,39.266604999999998,-1.572613000000000,667,0,276,24,46,-191,-162,83,-683,725,
193836,2026-03-07 08:00:05,2026-03-07,08:00:05,GPS,5,4091,90,0,1.3,39.264964999999997,-1.572417000000000,667,0,220,29,-150,-36,10,-3,-884,424,
193836,2026-03-07 08:14:42,2026-03-07,08:14:42,GPS,6,4086,89,0,1.2,39.266041000000001,-1.570785000000000,678,0,196,27,-23,66,-15,-78,-547,837,
193836,2026-03-07 08:30:00,2026-03-07,08:30:00,GPS,5,4086,89,0,1.4,39.264935000000001,-1.572708000000000,657,0,9,25,116,74,-45,-75,42,970,
193836,2026-03-07 08:44:43,2026-03-07,08:44:43,GPS,7,4086,89,0,1.2,39.265236000000002,-1.572537000000000,609,3,169,25,245,-414,-139,-202,-69,1008,
193836,2026-03-07 08:59:46,2026-03-07,08:59:46,GPS,6,4086,89,0,1.3,39.264716999999997,-1.573513000000000,631,0,161,25,119,-19,-106,0,-451,908,
193836,2026-03-07 09:14:41,2026-03-07,09:14:41,GPS,8,4083,89,1,0.9,39.265391999999999,-1.572375000000000,676,15,236,25,-219,-276,-47,172,123,1262,
193836,2026-03-07 09:30:55,2026-03-07,09:30:55,GPS,7,4086,89,0,1.2,39.265217000000000,-1.572520000000000,665,0,279,26,-144,-91,-66,145,-128,1019,
193836,2026-03-07 09:44:42,2026-03-07,09:44:42,GPS,8,4077,88,0,0.9,39.266232000000002,-1.573447000000000,690,0,116,27,-41,-496,-44,-71,-385,947,
193836,2026-03-07 09:59:48,2026-03-07,09:59:48,GPS,6,4083,89,0,1.1,39.265521999999997,-1.572120000000000,710,0,333,27,-139,-13,13,-35,-233,1000,
193836,2026-03-07 10:14:42,2026-03-07,10:14:42,GPS,6,4080,88,0,1.3,39.265213000000003,-1.572452000000000,677,2,357,28,95,46,-32,-72,-388,940,
193836,2026-03-07 10:30:10,2026-03-07,10:30:10,GPS,7,4083,89,0,1.0,39.265053000000002,-1.572568000000000,682,0,24,30,140,23,-37,-20,-273,996,
193836,2026-03-07 10:44:42,2026-03-07,10:44:42,GPS,8,4086,89,3,0.9,39.261924999999998,-1.574678000000000,760,22,270,26,-30,-135,-123,6,-32,907,
193836,2026-03-07 10:59:41,2026-03-07,10:59:41,GPS,9,4086,89,4,1.0,39.266162999999999,-1.572913000000000,662,28,81,27,-65,-277,-118,-54,-62,1840,
193836,2026-03-07 11:14:48,2026-03-07,11:14:48,GPS,5,4083,89,0,1.1,39.264915000000002,-1.572387000000000,684,0,9,31,269,-35,-56,-116,-304,1008,
193836,2026-03-07 11:29:44,2026-03-07,11:29:44,GPS,7,4083,89,0,1.1,39.265270000000001,-1.572323000000000,648,12,126,38,533,-363,5,-1,-81,1300,
193836,2026-03-07 11:44:40,2026-03-07,11:44:40,GPS,8,4091,90,9,1.0,39.282997000000002,-1.542792000000000,829,45,332,28,461,-410,-61,-61,-72,959,
193836,2026-03-07 11:59:39,2026-03-07,11:59:39,GPS,8,4108,93,16,0.9,39.276024000000000,-1.530488000000000,834,43,308,26,304,-545,-28,-18,-14,621,
193836,2026-03-07 12:14:40,2026-03-07,12:14:40,GPS,7,4119,95,4,1.1,39.268374999999999,-1.540730000000000,715,20,19,26,237,215,278,-44,-38,1230,
193836,2026-03-07 12:29:42,2026-03-07,12:29:42,GPS,7,4125,96,8,1.0,39.264873999999999,-1.563973000000000,674,23,113,26,-20,203,246,-54,-29,937,
193836,2026-03-07 12:44:47,2026-03-07,12:44:47,GPS,7,4128,96,2,1.0,39.274151000000003,-1.571187000000000,801,35,352,25,27,-404,-139,-63,-124,1206,
193836,2026-03-07 12:59:58,2026-03-07,12:59:58,GPS,6,4119,95,0,1.0,39.265255000000003,-1.572632000000000,672,0,12,28,7,1,-62,39,-538,856,
193836,2026-03-07 13:14:42,2026-03-07,13:14:42,GPS,6,4122,95,7,1.0,39.269489000000000,-1.557788000000000,781,5,281,28,209,-753,318,-105,9,1245,
193836,2026-03-07 13:30:03,2026-03-07,13:30:03,GPS,7,4133,97,5,0.9,39.274177999999999,-1.535950000000000,613,21,318,27,349,126,116,-47,-88,1155,
193836,2026-03-07 13:45:05,2026-03-07,13:45:05,GPS,7,4139,98,3,0.9,39.269176000000002,-1.567443000000000,654,21,23,27,82,-329,-159,-62,-81,1475,
193836,2026-03-07 13:59:40,2026-03-07,13:59:40,GPS,7,4144,99,2,1.1,39.260871999999999,-1.557585000000000,800,31,85,27,56,13,-68,-42,-46,947,
193836,2026-03-07 14:14:40,2026-03-07,14:14:40,GPS,5,4136,98,1,1.4,39.270893000000001,-1.545685000000000,650,23,30,24,305,-63,-105,-66,-121,1316,
193836,2026-03-07 14:29:48,2026-03-07,14:29:48,GPS,5,4136,98,0,1.5,39.279839000000003,-1.526455000000000,653,0,126,25,44,72,-43,-98,-53,1034,
193836,2026-03-07 14:44:48,2026-03-07,14:44:48,GPS,5,4130,97,0,1.7,39.279659000000002,-1.526442000000000,672,0,355,29,558,-182,39,-20,300,1132,
193836,2026-03-07 14:59:48,2026-03-07,14:59:48,GPS,5,4130,97,0,2.0,39.279640000000001,-1.526517000000000,664,0,38,29,27,25,-45,1,-517,872,
193836,2026-03-07 15:14:45,2026-03-07,15:14:45,GPS,6,4128,96,0,1.4,39.279682000000001,-1.526437000000000,677,1,138,29,228,11,-36,-60,-144,1021,
193836,2026-03-07 15:29:41,2026-03-07,15:29:41,GPS,6,4128,96,0,1.4,39.261135000000003,-1.555122000000000,685,0,105,25,-193,55,54,-80,-486,883,
193836,2026-03-07 15:44:49,2026-03-07,15:44:49,GPS,5,4128,96,0,1.5,39.265255000000003,-1.574170000000000,752,58,281,24,274,-543,-46,-47,111,935,
193836,2026-03-07 15:59:41,2026-03-07,15:59:41,GPS,6,4128,96,0,1.5,39.266361000000003,-1.570648000000000,694,0,69,27,23,56,-30,-60,-125,1044,
193836,2026-03-07 16:15:05,2026-03-07,16:15:05,GPS,5,4125,96,0,2.0,39.265968000000001,-1.571007000000000,638,0,63,29,-165,3,51,53,-515,882,
193836,2026-03-07 16:29:40,2026-03-07,16:29:40,GPS,5,4122,95,0,1.8,39.265808000000000,-1.571147000000000,618,0,151,29,-268,-34,207,-91,-635,780,
193836,2026-03-07 16:38:34,2026-03-07,16:38:34,GPS,5,4122,95,0,1.8,39.265723999999999,-1.571355000000000,601,0,209,29,-258,-23,181,-82,-625,782,
193836,2026-03-08 07:59:21,2026-03-08,07:59:21,GPS,7,4116,94,0,2.1,39.265331000000003,-1.572365000000000,654,0,195,27,-114,-21,-26,106,-731,670,
193836,2026-03-08 08:13:29,2026-03-08,08:13:29,GPS,5,4108,93,0,1.2,39.264938000000001,-1.572392000000000,650,0,296,27,-183,-464,27,71,-311,984,
193836,2026-03-08 08:28:21,2026-03-08,08:28:21,GPS,6,4108,93,0,1.2,39.264923000000003,-1.572388000000000,675,0,87,26,268,-298,-149,-115,-344,960,
193836,2026-03-08 08:43:06,2026-03-08,08:43:06,GPS,8,4105,93,0,1.3,39.265349999999998,-1.572180000000000,633,14,33,26,413,-209,-104,49,92,1251,
193836,2026-03-08 08:59:10,2026-03-08,08:59:10,GPS,7,4105,93,0,1.5,39.265278000000002,-1.572005000000000,709,2,337,27,424,-104,-50,-117,-44,1010,
193836,2026-03-08 09:13:08,2026-03-08,09:13:08,GPS,7,4100,92,0,1.8,39.266261999999998,-1.572220000000000,717,0,259,28,21,-196,-135,-4,-753,646,
193836,2026-03-08 09:28:14,2026-03-08,09:28:14,GPS,8,4103,92,0,1.5,39.266871999999999,-1.569863000000000,904,0,327,27,-59,-127,-113,-68,-835,514,
193836,2026-03-08 09:43:14,2026-03-08,09:43:14,GPS,10,4103,92,0,1.8,39.266136000000003,-1.572882000000000,652,0,3,29,-233,50,230,31,-781,604,
193836,2026-03-08 09:58:03,2026-03-08,09:58:03,GPS,10,4100,92,0,1.6,39.265152000000000,-1.572397000000000,667,0,31,28,157,-197,-150,57,-571,832,
193836,2026-03-08 10:12:59,2026-03-08,10:12:59,GPS,9,4103,92,0,1.8,39.265220999999997,-1.572338000000000,656,2,38,28,33,18,-50,75,-156,994,
193836,2026-03-08 10:27:58,2026-03-08,10:27:58,GPS,9,4100,92,0,1.4,39.266303999999998,-1.572955000000000,663,0,279,28,24,-20,-72,-34,-624,785,
193836,2026-03-08 10:43:29,2026-03-08,10:43:29,GPS,7,4100,92,0,1.6,39.266182000000001,-1.572913000000000,652,0,345,31,190,-15,-67,-31,-306,972,
193836,2026-03-08 10:58:24,2026-03-08,10:58:24,GPS,7,4100,92,0,1.4,39.264575999999998,-1.572227000000000,606,0,336,26,410,-196,-92,-80,-114,1028,
193836,2026-03-08 11:12:57,2026-03-08,11:12:57,GPS,7,4097,91,0,1.3,39.266430000000000,-1.573078000000000,684,0,134,27,80,-58,-103,-55,-590,805,
193836,2026-03-08 11:27:59,2026-03-08,11:27:59,GPS,7,4097,91,0,1.1,39.266250999999997,-1.572930000000000,662,2,156,29,-133,-34,1,12,-871,455,
193836,2026-03-08 11:43:01,2026-03-08,11:43:01,GPS,8,4097,91,0,1.0,39.266368999999997,-1.572985000000000,669,0,341,30,19,-41,-53,2,-652,769,
193836,2026-03-08 11:58:09,2026-03-08,11:58:09,GPS,6,4097,91,0,1.3,39.265090999999998,-1.572437000000000,640,1,312,29,-44,-80,-76,125,-68,1100,
193836,2026-03-08 12:14:05,2026-03-08,12:14:05,GPS,6,4094,91,0,1.3,39.265101999999999,-1.572543000000000,622,1,198,30,233,-153,-124,-109,-466,899,
193836,2026-03-08 12:28:29,2026-03-08,12:28:29,GPS,5,4094,91,0,1.5,39.265129000000002,-1.572492000000000,637,1,5,30,252,-216,-135,-161,-347,904,
193836,2026-03-08 12:43:48,2026-03-08,12:43:48,GPS,6,4091,90,0,1.1,39.265366000000000,-1.572840000000000,610,2,325,31,7,57,36,-134,-593,804,
193836,2026-03-08 12:58:11,2026-03-08,12:58:11,GPS,10,4089,90,0,0.9,39.265331000000003,-1.572132000000000,627,0,338,29,212,-14,-80,-76,-284,930,
193836,2026-03-08 13:13:03,2026-03-08,13:13:03,GPS,10,4094,91,0,0.9,39.266300000000001,-1.573143000000000,628,0,138,23,-134,-159,-110,70,-885,407,
193836,2026-03-08 13:28:03,2026-03-08,13:28:03,GPS,10,4091,90,0,0.9,39.266232000000002,-1.572953000000000,676,1,330,26,-135,-160,-111,41,-892,390,
193836,2026-03-08 13:43:09,2026-03-08,13:43:09,GPS,9,4091,90,0,0.9,39.267200000000003,-1.573548000000000,638,0,89,26,-87,-74,-81,-12,-838,512,
193836,2026-03-08 13:58:29,2026-03-08,13:58:29,GPS,8,4091,90,1,1.0,39.266266000000002,-1.573028000000000,664,0,36,29,114,-151,-138,-314,-628,736,
193836,2026-03-08 14:12:58,2026-03-08,14:12:58,GPS,7,4091,90,0,1.0,39.266235000000002,-1.572820000000000,640,0,153,31,-32,-173,-96,89,-817,535,
193836,2026-03-08 14:28:06,2026-03-08,14:28:06,GPS,7,4100,92,4,1.3,39.274619999999999,-1.535388000000000,747,38,83,26,154,78,-42,132,-10,1034,
193836,2026-03-08 14:43:15,2026-03-08,14:43:15,GPS,6,4105,93,3,1.1,39.265208999999999,-1.555332000000000,881,24,255,25,-153,18,-8,-75,-67,1213,
193836,2026-03-08 14:58:22,2026-03-08,14:58:22,GPS,6,4108,93,0,2.0,39.280566999999998,-1.562312000000000,588,0,62,27,-41,-28,-78,148,-30,1092,
193836,2026-03-08 15:13:04,2026-03-08,15:13:04,GPS,7,4097,91,0,1.2,39.279659000000002,-1.562257000000000,646,0,294,30,-185,-51,38,-143,-370,1012,
193836,2026-03-08 15:28:05,2026-03-08,15:28:05,GPS,6,4097,91,2,1.1,39.278846999999999,-1.566473000000000,628,6,25,31,-190,-25,73,-103,39,1027,
193836,2026-03-08 15:43:04,2026-03-08,15:43:04,GPS,5,4103,92,1,1.5,39.266173999999999,-1.560842000000000,913,21,111,25,258,93,18,-158,-265,1624,
193836,2026-03-08 15:58:26,2026-03-08,15:58:26,GPS,6,4105,93,1,1.9,39.232460000000003,-1.562577000000000,904,10,150,23,53,141,5,-45,-6,1061,
193836,2026-03-08 16:13:35,2026-03-08,16:13:35,GPS,7,4103,92,0,1.6,39.265124999999998,-1.572438000000000,648,0,255,25,125,-353,-166,-180,-473,878,
193836,2026-03-08 16:28:17,2026-03-08,16:28:17,GPS,7,4097,91,0,1.5,39.265217000000000,-1.572223000000000,667,0,310,28,-329,-149,179,-90,-563,833,
193836,2026-03-08 16:39:29,2026-03-08,16:39:29,GPS,7,4097,91,0,1.4,39.265717000000002,-1.572230000000000,665,0,289,28,-306,-328,178,-31,-573,831,
193836,2026-03-09 07:57:05,2026-03-09,07:57:05,GPS,8,4091,90,0,1.2,39.265743000000001,-1.571865000000000,641,1,24,29,272,-399,-114,-58,-323,964,
193836,2026-03-09 08:11:17,2026-03-09,08:11:17,GPS,7,4086,89,0,1.6,39.265663000000004,-1.571718000000000,642,0,140,27,196,-272,-153,-35,-503,881,
193836,2026-03-09 08:26:24,2026-03-09,08:26:24,GPS,7,4089,90,0,1.5,39.265388000000002,-1.572063000000000,662,13,32,28,388,-440,-384,-4,-10,1035,
193836,2026-03-09 08:41:27,2026-03-09,08:41:27,GPS,6,4089,90,0,1.6,39.264949999999999,-1.571973000000000,582,0,297,27,-285,-436,189,6,-670,744,
193836,2026-03-09 08:56:53,2026-03-09,08:56:53,GPS,5,4086,89,0,1.7,39.264834999999998,-1.572220000000000,656,1,313,29,-203,-426,44,-127,-445,904,
193836,2026-03-09 09:11:15,2026-03-09,09:11:15,GPS,6,4083,89,0,1.6,39.265712999999998,-1.572368000000000,658,0,356,30,80,-332,-130,-199,-662,731,
193836,2026-03-09 09:26:25,2026-03-09,09:26:25,GPS,6,4086,89,0,1.4,39.264842999999999,-1.572383000000000,661,0,302,31,536,-342,-1,-18,159,1013,
193836,2026-03-09 09:41:25,2026-03-09,09:41:25,GPS,7,4083,89,0,1.3,39.264983999999998,-1.572203000000000,647,0,248,31,-48,24,20,16,-579,830,
193836,2026-03-09 09:56:21,2026-03-09,09:56:21,GPS,6,4083,89,0,1.5,39.266396000000000,-1.572965000000000,638,4,324,29,142,-545,-59,-7,-204,1003,
193836,2026-03-09 10:11:21,2026-03-09,10:11:21,GPS,6,4083,89,1,1.4,39.265861999999998,-1.572047000000000,642,0,102,33,-144,-512,81,-105,-664,750,
193836,2026-03-09 10:26:18,2026-03-09,10:26:18,GPS,6,4089,90,2,1.3,39.256495999999999,-1.571923000000000,740,35,19,26,112,-104,-153,-84,-160,2030,
193836,2026-03-09 10:41:57,2026-03-09,10:41:57,GPS,4,4097,91,2,1.9,39.282649999999997,-1.554307000000000,776,48,147,23,-178,-162,-102,-31,9,995,
193836,2026-03-09 10:56:36,2026-03-09,10:56:36,GPS,4,4100,92,2,1.9,39.286059999999999,-1.553737000000000,728,7,206,23,419,-153,-84,-39,-19,1212,
193836,2026-03-09 11:11:39,2026-03-09,11:11:39,GPS,4,4103,92,5,2.0,39.274006000000000,-1.562407000000000,728,27,263,26,61,-495,-100,-70,-101,1331,
193836,2026-03-09 11:26:44,2026-03-09,11:26:44,GPS,7,4103,92,0,1.2,39.257389000000003,-1.562922000000000,576,0,150,27,-196,-428,21,-15,-909,299,
193836,2026-03-09 11:41:19,2026-03-09,11:41:19,GPS,8,4100,92,7,1.2,39.262779000000002,-1.558873000000000,731,16,8,30,456,-611,75,-32,-21,1221,
193836,2026-03-09 11:57:05,2026-03-09,11:57:05,GPS,6,4111,94,2,1.2,39.262436000000001,-1.567882000000000,882,42,222,26,-42,-22,-92,34,-78,803,
193836,2026-03-09 12:11:26,2026-03-09,12:11:26,GPS,4,4108,93,10,1.6,39.268368000000002,-1.564848000000000,784,31,231,26,-92,-400,-78,-44,-11,1052,
193836,2026-03-09 12:26:59,2026-03-09,12:26:59,GPS,6,4116,94,0,1.1,39.265014999999998,-1.572355000000000,636,0,149,29,142,-288,-160,-105,-595,811,
193836,2026-03-09 12:41:30,2026-03-09,12:41:30,GPS,7,4103,92,0,0.9,39.265059999999998,-1.572565000000000,598,1,185,31,48,-45,-68,33,59,1034,
193836,2026-03-09 12:56:30,2026-03-09,12:56:30,GPS,7,4103,92,0,0.9,39.265017999999998,-1.572355000000000,653,0,149,32,222,-142,-104,-1,-455,910,
193836,2026-03-09 13:11:55,2026-03-09,13:11:55,GPS,4,4103,92,0,1.2,39.265129000000002,-1.572530000000000,626,0,116,31,206,-155,-113,-195,-579,797,
193836,2026-03-09 13:26:24,2026-03-09,13:26:24,GPS,6,4100,92,0,1.1,39.266308000000002,-1.572255000000000,460,1,151,30,-102,-462,7,-10,-876,433,
193836,2026-03-09 13:41:35,2026-03-09,13:41:35,GPS,10,4100,92,0,0.8,39.265785000000001,-1.572090000000000,649,0,267,32,-103,-563,73,29,-797,589,
193836,2026-03-09 13:56:16,2026-03-09,13:56:16,GPS,8,4097,91,0,1.0,39.266289000000000,-1.572862000000000,658,0,359,29,-2,-300,-126,-57,-789,563,
193836,2026-03-09 14:11:15,2026-03-09,14:11:15,GPS,7,4100,92,1,1.1,39.266399000000000,-1.562272000000000,663,17,56,27,391,-274,-126,65,-150,1020,
193836,2026-03-09 14:26:15,2026-03-09,14:26:15,GPS,8,4103,92,2,0.9,39.257637000000003,-1.563865000000000,667,32,265,24,87,-447,-155,-5,-19,1015,
193836,2026-03-09 14:41:17,2026-03-09,14:41:17,GPS,7,4111,94,2,1.4,39.286583000000000,-1.558763000000000,717,33,101,24,62,26,-106,-19,-50,1076,
193836,2026-03-09 14:56:21,2026-03-09,14:56:21,GPS,5,4108,93,0,1.5,39.267592999999998,-1.564052000000000,645,0,185,28,25,-95,-125,-117,-746,642,
193836,2026-03-09 15:11:17,2026-03-09,15:11:17,GPS,8,4111,94,2,0.9,39.264595000000000,-1.576867000000000,718,21,182,25,379,-317,-123,-40,-25,1119,
193836,2026-03-09 15:26:18,2026-03-09,15:26:18,GPS,8,4114,94,2,0.9,39.271617999999997,-1.547985000000000,771,39,97,24,-135,5,-66,53,-94,193,
193836,2026-03-09 15:41:17,2026-03-09,15:41:17,GPS,7,4116,94,1,0.9,39.275871000000002,-1.526298000000000,870,5,3,24,431,-30,-25,-39,-24,1166,
193836,2026-03-09 15:56:17,2026-03-09,15:56:17,GPS,6,4116,94,1,1.2,39.274459999999998,-1.552782000000000,713,39,318,24,146,-348,-197,2,-173,267,
193836,2026-03-09 16:11:18,2026-03-09,16:11:18,GPS,4,4116,94,0,1.4,39.277096000000000,-1.562850000000000,656,0,160,26,-74,-55,220,-97,-322,923,
193836,2026-03-09 16:26:35,2026-03-09,16:26:35,GPS,5,4111,94,0,1.5,39.273750000000000,-1.559643000000000,766,18,93,29,-114,-16,-12,16,-509,1631,
193836,2026-03-09 16:41:05,2026-03-09,16:41:05,GPS,6,4114,94,1,1.3,39.267437000000001,-1.570707000000000,757,23,206,24,-155,-361,-76,-26,-47,1039,
193836,2026-03-10 07:55:23,2026-03-10,07:55:23,GPS,9,4105,93,0,0.9,39.265464999999999,-1.571675000000000,639,0,14,26,-201,-485,-23,-32,-529,861,
193836,2026-03-10 08:09:16,2026-03-10,08:09:16,GPS,7,4097,91,0,1.0,39.264935000000001,-1.572450000000000,610,1,70,26,72,18,-75,-4,-438,901,
193836,2026-03-10 08:24:05,2026-03-10,08:24:05,GPS,7,4097,91,0,1.1,39.265728000000003,-1.571770000000000,650,0,355,27,-304,-240,78,-21,-405,934,
193836,2026-03-10 08:39:06,2026-03-10,08:39:06,GPS,8,4097,91,0,1.0,39.265639999999998,-1.571572000000000,644,0,157,27,-283,-231,43,-28,-383,942,
193836,2026-03-10 08:54:05,2026-03-10,08:54:05,GPS,6,4097,91,0,1.1,39.265346999999998,-1.572078000000000,652,4,167,27,-25,46,-27,-11,-490,886,
193836,2026-03-10 09:09:21,2026-03-10,09:09:21,GPS,4,4097,91,0,1.9,39.265208999999999,-1.572407000000000,660,1,353,27,81,66,-39,-52,-129,1030,
193836,2026-03-10 09:24:35,2026-03-10,09:24:35,GPS,6,4094,91,0,1.3,39.265503000000002,-1.571842000000000,646,0,52,28,255,-451,-114,-99,-116,1048,
193836,2026-03-10 09:39:30,2026-03-10,09:39:30,GPS,5,4094,91,0,1.4,39.265124999999998,-1.572425000000000,642,0,149,29,-65,51,15,-26,-418,931,
193836,2026-03-10 09:54:08,2026-03-10,09:54:08,GPS,6,4091,90,0,1.3,39.265490999999997,-1.572153000000000,640,1,130,29,193,-384,-149,-86,-483,890,
193836,2026-03-10 10:09:07,2026-03-10,10:09:07,GPS,6,4094,91,0,1.3,39.265694000000003,-1.572383000000000,646,0,314,29,-32,-212,-127,-18,-820,541,
193836,2026-03-10 10:24:05,2026-03-10,10:24:05,GPS,5,4094,91,0,1.5,39.265506999999999,-1.572327000000000,662,1,151,29,92,-234,-146,54,-654,753,
193836,2026-03-10 10:39:52,2026-03-10,10:39:52,GPS,5,4094,91,0,1.8,39.277698999999998,-1.547063000000000,725,2,142,25,-204,-23,-2,187,-1017,1745,
193836,2026-03-10 10:54:17,2026-03-10,10:54:17,GPS,5,4091,90,0,1.6,39.276229999999998,-1.545812000000000,749,0,201,29,-145,-73,-4,95,-272,1010,
193836,2026-03-10 11:09:11,2026-03-10,11:09:11,GPS,5,4091,90,0,1.4,39.274054999999997,-1.540252000000000,851,19,101,25,-7,220,212,-14,-534,1750,
193836,2026-03-10 11:24:17,2026-03-10,11:24:17,GPS,5,4094,91,1,1.4,39.252884000000002,-1.559600000000000,697,13,73,21,159,-256,-189,-59,-72,1433,
193836,2026-03-10 11:39:34,2026-03-10,11:39:34,GPS,8,4094,91,0,0.9,39.257480999999999,-1.564943000000000,644,0,315,25,-296,25,292,-11,-882,420,
193836,2026-03-10 11:54:08,2026-03-10,11:54:08,GPS,7,4091,90,0,0.9,39.258414999999999,-1.564185000000000,692,0,343,29,-96,-72,-49,-82,-872,424,
193836,2026-03-10 12:09:07,2026-03-10,12:09:07,GPS,6,4091,90,2,1.1,39.258029999999998,-1.564287000000000,650,37,3,29,215,-234,-149,-129,-406,760,
193836,2026-03-10 12:24:06,2026-03-10,12:24:06,GPS,5,4097,91,0,1.4,39.265621000000003,-1.572548000000000,652,0,199,24,-258,-104,-34,127,-286,964,
193836,2026-03-10 12:39:18,2026-03-10,12:39:18,GPS,5,4094,91,0,1.5,39.266261999999998,-1.571970000000000,651,0,40,29,-56,-19,-42,-178,46,1077,
193836,2026-03-10 12:54:18,2026-03-10,12:54:18,GPS,4,4091,90,0,1.8,39.266167000000003,-1.571913000000000,660,0,309,30,404,-37,-10,-79,20,1011,
193836,2026-03-10 13:09:34,2026-03-10,13:09:34,GPS,7,4091,90,0,1.1,39.266193000000001,-1.571900000000000,668,0,58,30,262,22,-38,-68,-88,1016,
193836,2026-03-10 13:24:06,2026-03-10,13:24:06,GPS,7,4089,90,0,1.0,39.266556000000001,-1.573283000000000,661,0,44,29,-156,59,119,-29,-700,715,
193836,2026-03-10 13:39:15,2026-03-10,13:39:15,GPS,6,4091,90,0,1.0,39.265152000000000,-1.572482000000000,643,5,307,28,367,-86,-56,-60,-39,1035,
193836,2026-03-10 13:54:21,2026-03-10,13:54:21,GPS,5,4089,90,0,1.6,39.265048999999998,-1.572142000000000,648,0,324,29,183,35,-44,-39,-244,1022,
193836,2026-03-10 14:09:10,2026-03-10,14:09:10,GPS,6,4089,90,0,1.2,39.265872999999999,-1.571963000000000,652,0,146,30,8,-8,-44,4,-622,791,
193836,2026-03-10 14:24:15,2026-03-10,14:24:15,GPS,5,4089,90,0,1.2,39.265113999999997,-1.572283000000000,652,0,154,30,184,-45,-80,-5,-377,953,
193836,2026-03-10 14:39:08,2026-03-10,14:39:08,GPS,6,4086,89,1,1.3,39.263686999999997,-1.572083000000000,677,39,170,29,322,-222,-120,3,-125,1369,
193836,2026-03-10 14:54:08,2026-03-10,14:54:08,GPS,5,4091,90,1,1.6,39.252972000000000,-1.559478000000000,710,18,133,23,161,72,-64,-41,-30,499,
193836,2026-03-10 15:09:45,2026-03-10,15:09:45,GPS,6,4094,91,1,1.4,39.261859999999999,-1.572147000000000,641,0,62,24,-131,40,-25,18,-377,947,
193836,2026-03-10 15:24:09,2026-03-10,15:24:09,GPS,5,4091,90,1,1.5,39.256706000000001,-1.568372000000000,703,6,95,23,469,-87,0,-86,-6,1249,
193836,2026-03-10 15:39:17,2026-03-10,15:39:17,GPS,5,4094,91,1,1.6,39.262099999999997,-1.572962000000000,700,30,200,23,-157,105,64,-48,3,936,
193836,2026-03-10 15:54:26,2026-03-10,15:54:26,GPS,5,4094,91,1,1.6,39.256771000000001,-1.568050000000000,743,6,50,23,331,53,-15,-47,-6,998,
193836,2026-03-10 16:09:44,2026-03-10,16:09:44,GPS,10,4091,90,0,1.2,39.266345999999999,-1.572898000000000,661,1,182,26,113,39,-57,-44,-293,986,
193836,2026-03-10 16:24:06,2026-03-10,16:24:06,GPS,8,4086,89,0,1.2,39.266460000000002,-1.572720000000000,664,2,222,28,50,40,-51,-8,-255,999,
193836,2026-03-10 16:39:06,2026-03-10,16:39:06,GPS,9,4089,90,0,1.1,39.266506000000000,-1.572933000000000,660,1,244,24,-189,66,49,-46,-554,839,
193836,2026-03-10 16:42:13,2026-03-10,16:42:13,GPS,9,4086,89,0,1.1,39.266323000000000,-1.572975000000000,664,0,132,25,-218,76,113,-120,-629,767,
193836,2026-03-11 07:54:13,2026-03-11,07:54:13,GPS,4,4083,89,0,4.8,39.263603000000003,-1.585630000000000,98,0,331,27,329,-352,-124,47,-355,1061,
193836,2026-03-11 08:08:14,2026-03-11,08:08:14,GPS,8,4075,88,0,1.0,39.265597999999997,-1.571517000000000,661,0,187,28,51,-107,-82,-81,-743,652,
193836,2026-03-11 08:23:02,2026-03-11,08:23:02,GPS,8,4077,88,0,1.0,39.265090999999998,-1.572265000000000,629,0,289,28,-134,-355,-54,-185,-134,1008,
193836,2026-03-11 08:38:03,2026-03-11,08:38:03,GPS,6,4077,88,0,1.2,39.265022000000002,-1.572383000000000,626,0,193,29,-278,-156,114,50,-437,916,
193836,2026-03-11 08:53:15,2026-03-11,08:53:15,GPS,5,4075,88,0,1.0,39.265709000000001,-1.572370000000000,637,0,54,30,247,-240,-138,-9,-467,916,
193836,2026-03-11 09:08:01,2026-03-11,09:08:01,GPS,5,4075,88,0,1.0,39.265430000000002,-1.571323000000000,749,1,320,33,-182,-402,66,-42,-307,979,
193836,2026-03-11 09:23:01,2026-03-11,09:23:01,GPS,4,4075,88,0,1.3,39.265430000000002,-1.571248000000000,747,0,35,36,274,-344,-89,-75,-478,899,
193836,2026-03-11 09:39:13,2026-03-11,09:39:13,GPS,6,4077,88,2,3.4,39.263312999999997,-1.571405000000000,712,20,66,29,163,-231,-150,-53,-12,1313,
193836,2026-03-11 09:53:14,2026-03-11,09:53:14,GPS,7,4080,88,7,2.0,39.264397000000002,-1.559857000000000,821,41,146,25,-185,-79,-26,-30,-83,996,
193836,2026-03-11 10:07:50,2026-03-11,10:07:50,GPS,7,4089,90,3,1.3,39.286803999999997,-1.558100000000000,916,50,284,24,204,-515,-95,-30,-172,1284,
193836,2026-03-11 10:22:52,2026-03-11,10:22:52,GPS,6,4100,92,7,1.6,39.268054999999997,-1.572323000000000,768,38,171,25,-178,-168,-74,-49,-102,1185,
193836,2026-03-11 10:38:02,2026-03-11,10:38:02,GPS,6,4089,90,0,1.4,39.266350000000003,-1.572775000000000,681,0,78,30,-215,21,163,-44,-576,745,
193836,2026-03-11 10:53:14,2026-03-11,10:53:14,GPS,5,4086,89,0,1.6,39.266365000000000,-1.573198000000000,627,0,75,33,-159,35,169,-80,-679,737,
193836,2026-03-11 11:07:52,2026-03-11,11:07:52,GPS,5,4091,90,3,1.6,39.260551000000000,-1.573148000000000,651,19,124,27,16,143,82,-16,-95,1136,
193836,2026-03-11 11:22:54,2026-03-11,11:22:54,GPS,5,4103,92,7,1.5,39.270924000000001,-1.563133000000000,642,17,71,25,-2,113,31,320,-512,1712,
193836,2026-03-11 11:38:40,2026-03-11,11:38:40,GPS,4,4111,94,2,1.8,39.259284999999998,-1.567842000000000,872,41,342,27,443,-218,-71,7,-68,965,
193836,2026-03-11 11:54:01,2026-03-11,11:54:01,GPS,7,4111,94,5,1.2,39.268065999999997,-1.573790000000000,862,29,43,28,356,55,49,-43,-105,1091,
193836,2026-03-11 12:07:49,2026-03-11,12:07:49,GPS,7,4114,94,2,1.1,39.276806000000001,-1.566148000000000,767,20,45,26,174,-159,-162,-19,-48,1179,
193836,2026-03-11 12:22:52,2026-03-11,12:22:52,GPS,7,4119,95,6,1.2,39.276629999999997,-1.532400000000000,813,28,161,26,-89,45,-9,-62,-51,959,
193836,2026-03-11 12:37:50,2026-03-11,12:37:50,GPS,7,4128,96,10,1.1,39.274436999999999,-1.548935000000000,790,51,222,26,-37,-468,-88,-102,-86,1545,
193836,2026-03-11 12:52:54,2026-03-11,12:52:54,GPS,6,4125,96,0,1.2,39.268290999999998,-1.564960000000000,726,0,332,29,93,-298,-151,-50,-683,729,
193836,2026-03-11 13:07:51,2026-03-11,13:07:51,GPS,4,4116,94,4,1.5,39.267853000000002,-1.570697000000000,768,22,156,31,357,-603,12,-52,-40,1063,
193836,2026-03-11 13:22:55,2026-03-11,13:22:55,GPS,4,4130,97,5,1.5,39.250767000000003,-1.572590000000000,821,26,291,28,258,-441,-112,-28,-116,1189,
193836,2026-03-11 13:37:55,2026-03-11,13:37:55,GPS,4,4136,98,6,1.6,39.271976000000002,-1.568480000000000,740,4,33,28,-145,-235,-69,-8,-55,1108,
193836,2026-03-11 13:52:59,2026-03-11,13:52:59,GPS,4,4142,99,4,1.7,39.266860999999999,-1.556122000000000,756,24,95,28,78,3,-60,-28,-49,958,
193836,2026-03-11 14:08:44,2026-03-11,14:08:44,GPS,5,4144,99,11,1.3,39.265098999999999,-1.572297000000000,672,0,183,28,-50,-85,-89,283,-388,906,
193836,2026-03-11 14:23:00,2026-03-11,14:23:00,GPS,5,4133,97,2,1.3,39.262996999999999,-1.570350000000000,681,36,117,33,125,27,-14,-17,-70,1066,
193836,2026-03-11 14:38:00,2026-03-11,14:38:00,GPS,5,4142,99,3,1.3,39.258513999999998,-1.547057000000000,848,43,13,28,417,-154,-73,-24,-84,1030,
193836,2026-03-11 14:53:25,2026-03-11,14:53:25,GPS,6,4150,100,8,1.2,39.260921000000003,-1.576652000000000,1298,44,69,26,236,39,-58,-16,-46,946,
193836,2026-03-11 15:07:54,2026-03-11,15:07:54,GPS,5,4153,100,6,1.3,39.270114999999997,-1.563048000000000,823,19,110,25,382,-243,-116,-52,-123,1218,
193836,2026-03-11 15:23:28,2026-03-11,15:23:28,GPS,7,4153,100,3,2.0,39.281466999999999,-1.546430000000000,1070,22,74,26,-5,-123,-133,-31,-50,1081,
193836,2026-03-11 15:37:50,2026-03-11,15:37:50,GPS,7,4153,100,4,1.6,39.266624000000000,-1.563450000000000,760,41,45,25,399,-40,-43,-28,-34,937,
193836,2026-03-11 15:52:50,2026-03-11,15:52:50,GPS,5,4158,100,2,2.0,39.273063999999998,-1.537790000000000,773,24,95,26,342,15,-27,-35,-9,1049,
193836,2026-03-11 16:08:14,2026-03-11,16:08:14,GPS,7,4156,100,2,1.1,39.278422999999997,-1.526783000000000,892,27,227,26,8,-518,-82,-56,-61,1119,
193836,2026-03-11 16:22:50,2026-03-11,16:22:50,GPS,6,4156,100,2,1.9,39.288017000000004,-1.563093000000000,817,9,252,25,-123,-370,-105,-47,-26,1264,
193836,2026-03-11 16:37:53,2026-03-11,16:37:53,GPS,6,4156,100,1,1.7,39.268065999999997,-1.571072000000000,938,45,217,23,-183,-286,-102,-4,-89,1060,
193836,2026-03-11 16:43:19,2026-03-11,16:43:19,GPS,6,4153,100,0,1.6,39.266319000000003,-1.572977000000000,654,1,161,25,-294,-82,82,-35,-443,910,
193836,2026-03-12 07:51:36,2026-03-12,07:51:36,GPS,4,4139,98,0,1.3,39.267696000000001,-1.564152000000000,631,0,278,29,-159,53,87,-77,-876,424,
193836,2026-03-12 08:06:18,2026-03-12,08:06:18,GPS,4,4130,97,0,1.4,39.267715000000003,-1.564142000000000,655,0,191,30,-155,3,85,26,-870,447,
193836,2026-03-12 08:21:18,2026-03-12,08:21:18,GPS,4,4130,97,0,1.5,39.267955999999998,-1.564130000000000,685,4,21,31,-137,9,77,6,-849,506,
193836,2026-03-12 08:36:35,2026-03-12,08:36:35,GPS,5,4130,97,0,2.0,39.267772999999998,-1.564030000000000,680,0,359,30,-268,-3,312,2,-878,440,
193836,2026-03-12 08:51:11,2026-03-12,08:51:11,GPS,6,4130,97,5,1.6,39.266616999999997,-1.569540000000000,654,27,297,29,311,-477,-70,-34,250,934,
193836,2026-03-12 09:06:06,2026-03-12,09:06:06,GPS,6,4130,97,0,1.7,39.266350000000003,-1.572902000000000,645,2,343,30,-154,25,91,39,-788,621,
193836,2026-03-12 09:21:06,2026-03-12,09:21:06,GPS,6,4133,97,2,1.7,39.283183999999999,-1.554620000000000,696,32,68,26,410,-140,-79,-24,-174,1642,
193836,2026-03-12 09:36:09,2026-03-12,09:36:09,GPS,5,4144,99,2,2.0,39.291573000000000,-1.562228000000000,712,42,143,24,236,-227,-168,-50,-51,1301,
193836,2026-03-12 09:51:06,2026-03-12,09:51:06,GPS,6,4156,100,2,1.4,39.278008000000000,-1.548112000000000,729,41,95,24,-72,-38,-84,-8,-52,1131,
193836,2026-03-12 10:06:08,2026-03-12,10:06:08,GPS,6,4158,100,5,1.3,39.275181000000003,-1.533435000000000,742,9,70,24,307,-323,-141,-34,-28,1012,
193836,2026-03-12 10:22:28,2026-03-12,10:22:28,GPS,5,4167,100,10,1.5,39.285294000000000,-1.559125000000000,765,27,64,27,195,-152,-155,-44,-11,1239,
193836,2026-03-12 10:36:08,2026-03-12,10:36:08,GPS,4,4170,100,7,2.0,39.266177999999996,-1.563653000000000,664,7,144,26,196,81,-20,-249,-337,1834,
193836,2026-03-12 10:52:01,2026-03-12,10:52:01,GPS,4,4164,100,8,1.8,39.271545000000003,-1.561838000000000,784,23,44,29,460,-61,9,-64,-99,1248,
193836,2026-03-12 11:07:16,2026-03-12,11:07:16,GPS,4,4161,100,0,1.7,39.267792000000000,-1.564003000000000,695,1,301,31,346,-331,-115,-162,-200,963,
193836,2026-03-12 11:22:31,2026-03-12,11:22:31,GPS,0,4161,100,3,0.0,0.000000000000000,0.000000000000000,0,0,0,29,35,-156,-119,-97,-31,1282,
193836,2026-03-12 11:36:35,2026-03-12,11:36:35,GPS,4,4164,100,0,1.8,39.268959000000002,-1.563545000000000,677,0,62,30,-224,-139,36,-47,-249,1001,
193836,2026-03-12 11:51:10,2026-03-12,11:51:10,GPS,5,4156,100,0,1.7,39.270949999999999,-1.562373000000000,667,1,324,31,-260,-294,94,-20,-384,945,
193836,2026-03-12 12:07:22,2026-03-12,12:07:22,GPS,4,4161,100,3,2.0,39.270282999999999,-1.559515000000000,866,18,231,31,-134,-201,-43,-61,-30,1086,
193836,2026-03-12 12:22:05,2026-03-12,12:22:05,GPS,5,4172,100,6,1.8,39.257956999999998,-1.555658000000000,1314,22,53,30,26,-153,-116,-82,2,1143,
193836,2026-03-12 12:36:41,2026-03-12,12:36:41,GPS,5,4167,100,1,1.7,39.258082999999999,-1.562755000000000,703,23,209,33,83,-717,173,40,0,1229,
193836,2026-03-12 12:51:18,2026-03-12,12:51:18,GPS,5,4175,100,10,1.7,39.284194999999997,-1.563775000000000,679,54,158,29,-107,-183,-75,-90,-55,1105,
193836,2026-03-12 13:06:18,2026-03-12,13:06:18,GPS,5,4181,100,7,1.7,39.260283999999999,-1.560555000000000,683,3,238,29,479,-552,76,-41,-4,1238,
193836,2026-03-12 13:21:18,2026-03-12,13:21:18,GPS,5,4181,100,0,1.9,39.267856999999999,-1.564173000000000,707,0,225,29,-143,-223,-55,56,44,976,
193836,2026-03-12 13:36:35,2026-03-12,13:36:35,GPS,5,4172,100,0,1.3,39.267864000000003,-1.564015000000000,675,1,344,31,397,-443,-56,-178,5,1136,
193836,2026-03-12 13:51:06,2026-03-12,13:51:06,GPS,4,4172,100,15,1.9,39.270504000000003,-1.561343000000000,644,46,176,31,-94,-90,-12,-20,-11,867,
193836,2026-03-12 14:07:05,2026-03-12,14:07:05,GPS,4,4172,100,0,1.6,39.270381999999998,-1.561730000000000,680,0,166,33,360,-531,-42,-9,-66,1044,
193836,2026-03-12 14:21:11,2026-03-12,14:21:11,GPS,5,4175,100,7,2.0,39.266280999999999,-1.562552000000000,650,9,320,30,370,-14,12,-33,7,1044,
193836,2026-03-12 14:36:59,2026-03-12,14:36:59,GPS,6,4178,100,9,1.6,39.268749000000000,-1.563448000000000,687,31,176,29,-207,-236,10,-68,-46,1071,
193836,2026-03-12 14:51:13,2026-03-12,14:51:13,GPS,4,4172,100,0,1.8,39.267605000000003,-1.564020000000000,611,1,318,30,39,-405,-86,-271,-21,1003,
193836,2026-03-12 15:06:09,2026-03-12,15:06:09,GPS,5,4178,100,7,1.4,39.268532000000000,-1.564648000000000,651,27,330,30,309,-678,108,-136,-86,1194,
193836,2026-03-12 15:21:13,2026-03-12,15:21:13,GPS,5,4181,100,0,1.4,39.272010999999999,-1.558953000000000,1297,33,227,28,-46,-494,-23,-38,-97,1144,
193836,2026-03-12 15:36:10,2026-03-12,15:36:10,GPS,5,4181,100,5,1.4,39.288406000000002,-1.552348000000000,860,24,217,28,-104,-414,-44,-31,-155,1253,
193836,2026-03-12 15:51:10,2026-03-12,15:51:10,GPS,5,4178,100,0,1.4,39.267947999999997,-1.553767000000000,868,13,233,28,-36,133,117,-78,-68,1135,
193836,2026-03-12 16:06:15,2026-03-12,16:06:15,GPS,4,4178,100,0,1.6,39.267490000000002,-1.564207000000000,697,26,232,27,327,-646,56,-49,25,976,
193836,2026-03-12 16:21:09,2026-03-12,16:21:09,GPS,4,4178,100,0,1.7,39.267955999999998,-1.564070000000000,695,14,312,29,114,-405,-127,-165,-294,1385,
193836,2026-03-12 16:36:19,2026-03-12,16:36:19,GPS,4,4178,100,0,1.9,39.267775999999998,-1.564100000000000,660,20,176,28,-40,-586,28,-52,34,870,
193836,2026-03-12 16:44:59,2026-03-12,16:44:59,GPS,6,4175,100,0,1.3,39.267932999999999,-1.564078000000000,692,0,38,29,429,-410,-54,-116,122,1077,
